"AIC","DIC","WAIC"
1341.20546747267,1282.80634133964,1280.65650159108
